uploaded file name,file id
2022_07_19-21_04_17.wav,1iajYqjIJWZ2wDWTFDPFojmjyrUgKp0I8
2022_07_19-21_07_18.wav,1meKJs-AuG6_QHQ6KAZrwf6R0q6Mi5zJV
2022_07_19-21_11_03.wav,1exMOIUTTKfGg1ty-HhyLXwnwcjQFTHcD
2022_07_19-21_14_03.wav,129CWT3zQxfmDX3kBjH_QaWhg651kDq0m
2022_07_19-21_17_04.wav,1S56t96ZtTp1vTaEBL06PuPSJ5Kewdsb0
2022_07_19-21_20_04.wav,1njNEIIH7C9DlzM142GkewPKmVnrZls8f
2022_07_19-21_23_04.wav,1ctaJ3OyBI2EsfLuPqKgIx83r7qNqG-XN
2022_07_19-21_26_05.wav,1ipp-Gy3Z40AawU7vmB6SZ7sdSzii6OER
2022_07_19-21_29_05.wav,1qupio9bZQyhcHkKY5slJhls3EWuCUX7_
2022_07_19-21_32_05.wav,1cSxXncd82AF2hbOi8W4A8PHdAauxjA3N
2022_07_19-21_35_06.wav,1c4IO57m5PEpvMTKEIySQDUI00wibu1Ac
2022_07_19-21_38_06.wav,19bQSv_ubbeTy0tBmUTUMOgc_GDePoHFZ
2022_07_19-21_41_06.wav,1O6hXzekWoNqmzW9JU80G-UthzgHyMl-6
2022_07_19-21_44_07.wav,1WJUxy9taYDwurt9EP0mNQ3Wrhez6V8rf
2022_07_19-21_47_07.wav,1qGnkEa9eyU7c9aeYf93JODHNPQf5qZw8
2022_07_19-21_50_07.wav,1MSvjDK_RPl5KUbhQX0Td8dbHd-CzSetQ
2022_07_19-21_53_08.wav,1sFjE7qky333S8DiBPMDz7OGgWS1H9c8_
2022_07_19-21_56_08.wav,1ao6Oc-a1lH2MMZysGw4RQ58A93yzjdD2
2022_07_19-21_59_08.wav,1vtEsb6DlY1yqNqs9MruWguNJnS8ZM0bv
2022_07_19-22_02_09.wav,1p0CtSPfnfOUWKpke0-0cQOKPt6v3aVj4
2022_07_19-22_05_09.wav,1Lw6ZcojXoAcXqUp0Hr80BRHS-fkR4hul
2022_07_19-22_08_09.wav,1aR0HjMLHYaDjyC3vxhQcHv9ZVtYT55Cu
2022_07_19-22_11_10.wav,1heal1tKP6vToejiDaBUCR9TZEQNnrJTF
2022_07_19-22_14_10.wav,1tUXZKJerH-l7dXloFLyKA1yPcxJ5RpX0
2022_07_19-22_17_10.wav,1e6EsLmjSkdMin9tP0tvKxSaFcUjVSypN
2022_07_19-22_20_11.wav,1XGReFVbFYg3V0A_CVeFD6mmtUBr5Amgf
2022_07_19-22_23_11.wav,1mn7BpiiD7lVx40LFLLxiL9338gtPdH8F
2022_07_19-22_26_11.wav,1xYAaeIBaUpLG7p7vje_baWcYcDxpEspZ
2022_07_19-22_29_12.wav,1gfb0u6QdZMnhQhqrGoQO8Vu9U9D-uuf5
2022_07_19-22_32_12.wav,1TCJ1GFvAxM4UCU0YajSkzFNOLK1f0w3Z
2022_07_19-22_35_12.wav,1ToO_wbViVnLwxkZraTEL2JA-JYTkHS94
2022_07_19-22_38_13.wav,13h--s-VlCxr9G3dgVX5u09EE78Ut8Z99
2022_07_19-22_41_13.wav,1PiIQMDDNrmeN2MPZlJlz5vHVrQ4jD8NN
2022_07_19-22_44_13.wav,1EXlSEjHXzhpLHe_HihJoFcf0JzhRVUE7
2022_07_19-22_47_13.wav,1dfcQpbyHXV3n8vFRT7MGYlXMWMQeFRdC
2022_07_19-22_50_14.wav,1CkqMgt7f7ka3rrEV3DlEGtNYk99QBIhx
2022_07_19-22_53_14.wav,1ZGu_QpTxDeNtjBtTaALEq0pv3ib3uRht
2022_07_19-22_56_14.wav,1S-4FjiFZU9EjIwsRV7b_pwADMBGjWWVu
2022_07_19-22_59_15.wav,1CDPKpAl0SvJejyRlZTsVfwMMfPo0_9LT
2022_07_19-23_02_15.wav,1lVA0bgTu7rs2j6D73dJxICHxVWJD8PQ9
2022_07_19-23_05_15.wav,1vbZm-q1khc8oNjbg_cgtZAc191UMoL4T
2022_07_19-23_08_16.wav,1ol-jqDufwX9uFvUA9s9POWT-deTgvKTv
2022_07_19-23_11_16.wav,1tc1BEDiEl_3f8Zz9iwED07PBv8Y8XV_j
2022_07_19-23_14_16.wav,1ljwjnpUzZvAF0DIUXJyHPA4TFJJCbYAG
2022_07_19-23_17_17.wav,15CTx3ETTgJy9kDZCxgnkc9L-qwEueW9h
2022_07_19-23_20_17.wav,1Rw-1tr043YGw8e0VZ9GSWvdzhGvPr9d5
2022_07_19-23_23_17.wav,1uTz8Ytpkrke9i5EaB-jOXKqS780ecWlv
2022_07_19-23_26_18.wav,13Bgjy0jXVCX5IYLnaz5N5CxfIFgJapv_
2022_07_19-23_29_18.wav,1LttX5aRvsCb8pUjtVX19soXiCxX_iPD2
2022_07_19-23_32_18.wav,19DZ-KCToqOhqqNhlFDZlgjnKNmbksALC
2022_07_19-23_35_19.wav,1HICIVi8SFQJ-zgSGB21rvqBz3ibsIOFG
2022_07_19-23_38_19.wav,1bWbeD9f6eqlzrl_FM0viTbi3Ue-BbPpR
2022_07_19-23_41_19.wav,1pYNGs_a73O1Exaa0x8XrmhZKvGoU4uS6
2022_07_19-23_44_20.wav,1kB_ufUXQoAUNaA3HPE3P-ou5AoVBwDkx
2022_07_19-23_47_20.wav,1RfpPGNCyzWbM9zNnQ4SHC7LL51abBY_F
2022_07_19-23_50_20.wav,1OjTRqNayyrB_2I7linqMTz4VAw3XS3tN
2022_07_19-23_53_21.wav,1GEhVxDFLVju2snk3EpvzllzV7eNZpaTd
2022_07_19-23_56_21.wav,1nKjx3qAqs2xxUgi6PdycBUItBq20iurw
2022_07_19-23_59_21.wav,1qdOgE1MY-V4lDZ6qc76GyO_6yvodjENZ
2022_07_20-00_02_22.wav,16mFzCLYHGuc2W1tzmxTNRqcYExh8bC-q
2022_07_20-00_05_22.wav,1xPbKV6wAMIv_6NCozjp53K-MacXMFzxk
2022_07_20-00_08_22.wav,16-gVKL-PsWjzy80mHSp4FssqMKKoZ-ro
2022_07_20-00_11_23.wav,1AL2L_lUWy4gWqBq9Ub_O404t-1ajFDbG
2022_07_20-00_14_23.wav,1glduVEeqnkYITFPGg_58Sh-prcvQnf0I
2022_07_20-00_17_23.wav,1VxwI-icpwU5b5O9m_rJlW4LuX0MIxXva
2022_07_20-00_20_24.wav,14tU7M-YahwUTu4Y5y4CMxWjily3Oyh72
2022_07_20-00_23_24.wav,1K-3kWrh2DrkIBzs-bfXDkZBuaDtQeXcL
2022_07_20-00_26_24.wav,1uzIoMKWN_nCgruyReN_6T4K1T9cyxNCT
2022_07_20-00_29_25.wav,1EWmaevE2mA_peY5ds_IIRMWayud2IBPm
2022_07_20-00_32_25.wav,1FuExBljSOXAkMzCmbdfeDmhEgOGaJCB3
2022_07_20-00_35_25.wav,15MX2qKEPuPqWhirU7X6K6X20YjWzVhe6
2022_07_20-00_38_26.wav,18qmLYAjRPxzbku4QNGKVW2kC9AQNmXBV
2022_07_20-00_41_26.wav,17TxRuHVCIN4HoSVsNqyWTTIzEGGQq4Wx
2022_07_20-00_44_26.wav,1vhNQtzgM1USYnqiklTskExxaMulfIFJy
2022_07_20-00_47_27.wav,1FVBkBhJz1ElLnlLYG4pHG-2fM_dq9Zhv
2022_07_20-00_50_27.wav,1aJSUbiQ9ggypE5LbmgDpwmgbAtDNydJr
2022_07_20-00_53_27.wav,1hlsycvv_-AxhRiU_lfNlIi4JtXnhW1rr
2022_07_20-00_56_28.wav,11AbpHPIca2kyuP8fh68sDMeYq_LfRxyJ
2022_07_20-00_59_28.wav,1kIdLoLWZxLNWdGWoIm-U56tQsOzakqw0
2022_07_20-01_02_28.wav,1gDAVAJmbeDNeC71oWE1zRn0kOIS0bvow
2022_07_20-01_05_29.wav,187V9YjxzFhoa7ALvZdfTxOuKI8lwgoqW
2022_07_20-01_08_29.wav,1r44usf6dij94cbURFcgKw_HXCj3Q6HkZ
2022_07_20-01_11_29.wav,1rbJzQbJNCo9FI77eag2r7H8pUrgbc0_f
2022_07_20-01_14_29.wav,1if15-f9ZTZrRwDMigRCKTj3PORwv8y31
2022_07_20-01_17_30.wav,1byZmuPOFgejaG4yyjeYFjXL4ufSWloks
2022_07_20-01_20_30.wav,1CM3d2gCkGuj_2HeQHJKUkY80JEERe4-c
2022_07_20-01_23_30.wav,1xzKGRYCvQXJlHiFdqfcDqhK8vcXTgLGm
2022_07_20-01_26_31.wav,1VxRyw3OUjtizHRmDNUsdw3_5uanZc9iJ
2022_07_20-01_29_31.wav,11svio16ENZeQnSwMThvMLb4qsWgTpbwh
2022_07_20-01_32_31.wav,1NNxeWe1osAoVd1lQR52TzduSoUcdfKe6
2022_07_20-01_35_32.wav,1hZjd2MmUaHWnHqm5rLB282qZT2hjJLAj
2022_07_20-01_38_32.wav,1dH-OMXYeLauURSzhKU-ghjeqzWpgbV4e
2022_07_20-01_41_32.wav,1piq16TUpkveXCuJxAfop3jTNTvsVHx_0
2022_07_20-01_44_33.wav,1UUcazZVNxqDMnMf6fDSg_xzzM_5aVYBK
2022_07_20-01_47_33.wav,1Vn4bGD077FwtReDEPUZQL5MSopAXl8KO
2022_07_20-01_50_33.wav,13dF8lUI2340QocwgP-dn7I__3T-kSWrg
2022_07_20-01_53_34.wav,1JYyosjsNVsFcAG8YtKdBXc7eUroXmX8P
2022_07_20-01_56_34.wav,1fg6NQTcscllmQWtENZuYLuynMg_6Hczv
2022_07_20-01_59_34.wav,1shyOfE-LDObZImEbjlryEMvcojVj3L7B
2022_07_20-02_02_35.wav,1A0cH6Q9bZtYV4eZgEjSun7emSVJo7imB
2022_07_20-02_05_35.wav,10tMKGf2Lpri5O-SgHksLYn2e_25_Em-1
2022_07_20-02_08_35.wav,1T-5kbUWv3tplNB-fMr5JqWCrYGLvOU1i
2022_07_20-02_11_36.wav,1dHBabmAa2ksTZFIm5pUfQMEy3jpVLqbo
2022_07_20-02_14_36.wav,1s4pnCIItbxe8Q9aybc9tWQfDlGRepHAO
2022_07_20-02_17_36.wav,158jnTIB_Cq8JkJN6Pb8W3iLwxmCb1J0h
2022_07_20-02_20_37.wav,1PuePLUnsZxt1TiooHVccFtbD4JjJ3Tc3
2022_07_20-02_23_37.wav,17iLyYAMKJRcV1fl6ahsjCXk_324-bJOc
2022_07_20-02_26_37.wav,1EClrG1oiF-3l1kkKWH_yPozbC56w0tHn
2022_07_20-02_29_38.wav,1psCrZpbEISIRJ6umhur4B2zPIvUhEX67
2022_07_20-02_32_38.wav,1m24BynARQ3n8Zw_SO0cQ902HaFDp5f6k
2022_07_20-02_35_38.wav,1O3nihY8TLcdjjfwkHQhu4hojpZyo2l7F
2022_07_20-02_38_39.wav,1kwg9WuLY7-JtieybXTsmTi23gibl-UsL
2022_07_20-02_41_39.wav,1jexSQmU8NRjGDQNKrfoBqgrpb_o0ybZ7
2022_07_20-02_44_39.wav,1uExJKO-ubbAsRpLPeHas7ME-XmJvJ_6k
2022_07_20-02_47_40.wav,15eUORr9yWEi_KinSo6yr-LZQOIS92lPh
2022_07_20-02_50_40.wav,1P73dqf0p18O5Ck-VGtwwRK220kZOyaPl
2022_07_20-02_53_40.wav,1_vIiU0NMxLwp4gPAoK7-FCsDLuGqbrlX
2022_07_20-02_56_41.wav,1sEfIDEfkFZBHhjOtE6tD9JBL_07-91xa
2022_07_20-02_59_41.wav,12bMV5BEXa7L6W5Rodtf2mU_EzPlt9JOT
2022_07_20-03_02_41.wav,1rq_GZAyPmgTOQAt9qYAECPptHu5XxjiX
2022_07_20-03_05_42.wav,1zq-HAg6BnmLtscpm8QSkpzU4bUD-Hx2n
2022_07_20-03_08_42.wav,1Q3WWeH_DbLuQbXTpszkFZxHFO9tGQWGh
2022_07_20-03_11_42.wav,1o-YKjXkKu2GK8zuFw5k9P5QwRTAS5U9_
2022_07_20-03_14_43.wav,1z6FpaDMw3ncKwzkXduHfKL1xDN_Y1gHA
2022_07_20-03_17_43.wav,1AFhMvsd2FCGF-tvHdalgAmwLpvK2HLfr
2022_07_20-03_20_43.wav,1aug_7nTItNq98aKa-f-Vn_PeOWeu5ns7
2022_07_20-03_23_44.wav,1OeoIEDssSuvFZacycKcHm5Yi6hB3ws9K
2022_07_20-03_26_44.wav,1xcSMJdwXx9naOlb8yD51upFp74PjVq3r
2022_07_20-03_29_44.wav,1kPn1ohn7grJDCvX4UeTC9DWSgFX59Jy0
2022_07_20-03_32_45.wav,1aal3tn9z48dU6WVmD-dZtloYTvKpfW6l
2022_07_20-03_35_45.wav,1oOIW9IYYN4MiWdmurN3WLcCwweSYxVti
2022_07_20-03_38_45.wav,1CfIQL4zsvkDf56rbeuupRwcqQwj3r1EA
2022_07_20-03_41_46.wav,1FzfA709u83WddUECXJkotJycKnKqKitn
2022_07_20-03_44_46.wav,1rmBuLJ5szLF2D1920emyt7TC01EW3V7m
2022_07_20-03_47_46.wav,1J3XlmRCsceaXurte2fp7MfvZqszSL5Jo
2022_07_20-03_50_47.wav,1S2zllPtwFMebzfe454xsKavh4nOFCTzV
2022_07_20-03_53_47.wav,1_L21q1e0tSFG38eh6Zt5lJSe9ugJYEDn
2022_07_20-03_56_47.wav,1DlnOdDeZwzUYRFBFnifKaCXHItZy7_x6
2022_07_20-03_59_47.wav,1bx4qHiZAmXNNJc5FsWv2Bvz6meu-1WA5
2022_07_20-04_02_48.wav,1gjn8FE1hZk4nPc9zxtcZDaB38CXu1OWp
2022_07_20-04_05_48.wav,1SQF0Zo1xlrgHW-fRNW4cthBYsAJl8Lz5
2022_07_20-04_08_48.wav,1_OOyIIT0yfsxmEZqjpJwELLcnv2Qvd6Z
2022_07_20-04_11_49.wav,1TcaUIn_sv9liGwAnURSr9cyzuva9nw2F
2022_07_20-04_14_49.wav,1nTmQmUPTDJ2_IoZbEHy3Y2xjvJo1XOGm
2022_07_20-04_17_49.wav,1-wcwTTTc7FafXxb6TNBgrVpSOvSySocl
2022_07_20-04_20_50.wav,1zVoT0h27qrKwdEJN8hji-78BxVcruhlM
2022_07_20-04_23_50.wav,1GF5V5g5NCU1mT0gS_JVPFBQNU1vN-fc2
2022_07_20-04_26_50.wav,1Ll-HWMzSOsVeQAup7xRkoQ3ReYBCxLdN
2022_07_20-04_29_51.wav,1ksVJyjpZNX1q1swkRpv9sjcWFecikLdL
2022_07_20-04_32_51.wav,1jTc-ZnSTeHqsUtRWUIC-xG33kxloCUxL
2022_07_20-04_35_51.wav,1bPmGRbL1KvLf2dcF5GXT0UO2DfUGb5Rb
2022_07_20-04_38_52.wav,18DYgujlQlCFat0CvHxcAS0Wz_mHB4gIR
2022_07_20-04_41_52.wav,1zhxbuNZ2wSw1jUY32w-vsdu8lPTO-AIi
2022_07_20-04_44_52.wav,1DVX5XUUy_1j1CCCHarGmHMvtzPE5rVJi
2022_07_20-04_47_53.wav,1xrXkrO9Z3fdb9GwWEergXpOgmozGx40b
2022_07_20-04_50_53.wav,1TsSuEQbboOP2oj5RY7zsUyUawi-4XwTn
2022_07_20-04_53_53.wav,1YWiuwybVSWpQg2tmy7fAnTmBP3YBILZ5
2022_07_20-04_56_54.wav,15iDzhjps9pMwIcOQKq7ilg6uBYmYFuAO
2022_07_20-04_59_54.wav,1r_lh04spw2b5TFLotO5_MpUdateL_sft
2022_07_20-05_02_54.wav,1VaVSwa1KibrpI9PM1OL3ojkOdNai2c4n
2022_07_20-05_05_55.wav,1bxGBGWgi0tLJpXIze_KlzXhBsGUad2UZ
2022_07_20-05_08_55.wav,1B2EvQv0fdYKXjn8nzuFmmUDiLGjHTIzW
2022_07_20-05_11_55.wav,1H156dLAQCfY_1wmwgE9UxbnmDgPz48sb
2022_07_20-05_14_56.wav,1R4wXdZe8sT_XzoUthOR85zaDozBsSQME
2022_07_20-05_17_56.wav,192kVNVC4zD1eYtA8xeeSSuP9ImLIkQbC
2022_07_20-05_20_56.wav,1P4hyaoSkzCEqkIjwYj54K9pPjQhmamna
2022_07_20-05_23_57.wav,1hr9NRPPPT_PB15IcWY49BVFdblfwJJ2H
2022_07_20-05_26_57.wav,1behzam9Bj-mybyvEcQmgLr2l_TuQh_TP
2022_07_20-05_29_57.wav,1cQuM0Lu7h577QElQJ3hwKT4mn1xbzzWE
2022_07_20-05_32_58.wav,17DfeJJdw2Xji-01qxMZouYUUWxRfOzET
2022_07_20-05_35_58.wav,1aSwFvt0MHrcWv9RP-0ExrJa41twKYGLF
2022_07_20-05_38_58.wav,1UygRBxWnXPF16JqwEQzxHWiYXsvBKtPl
2022_07_20-05_41_59.wav,1Cvpb8E2EqHs-w1hqwKIVVKEZAZseRAC1
2022_07_20-05_44_59.wav,1NeEat_UfZ4t0fUNTDAXqH7FOalHVRq2_
2022_07_20-05_47_59.wav,1ni8cR8TutjmpCx0rxXO1wwCq0DkZ78c2
2022_07_20-05_51_00.wav,1z4n4BK-Z0U4wdSOlpbhCC8o4AaPRAvjp
2022_07_20-05_54_00.wav,17gZFFfWQ1PlHK5FwilmnPjCBHJKidV15
2022_07_20-05_57_00.wav,1PuPXsuKiFlXeifCsftAovRWvFzQrVGV7
2022_07_20-06_00_01.wav,1Onzk-3bnhJI4znq7VVfAosl8XY0Xp-Mh
2022_07_20-06_03_01.wav,1SDfYoS1dWDyHM4zko26Ly0b931YawLhU
2022_07_20-06_06_01.wav,1H5C4CpAoouyxDEPjodlhvZwfXz4FmP4y
2022_07_20-06_09_02.wav,1QG4kgUkEF2HhWCqPLMSAw4z4ol_wdSq9
2022_07_20-06_12_02.wav,1F7XQ4OrLvDKFxvJ6GM22KKnmXim3g88b
2022_07_20-06_15_02.wav,13RVCmraK3QHCWDEz2D7KQNMinWO7gC1K
2022_07_20-06_18_03.wav,14DXLFIR7vzkTyNfuSSF1b2Kl6ggeOu73
2022_07_20-06_21_03.wav,1PJk-VIQtY47Q1AH1_S--7sCijI-V_WUz
2022_07_20-06_24_03.wav,15dC94-EIjo2f6ecIk8CGtEIB3RqHExAg
2022_07_20-06_27_04.wav,11mRl7rmrHqsj1tuaemOKNXYWZPXZFm1E
2022_07_20-06_30_04.wav,1boy_Xc-GafmVfQOmmcZOsRHx5ogwuqba
2022_07_20-06_33_04.wav,1rVKXGo8nJPjV0ipGsPWr_OWnGVm0Z3g6
2022_07_20-06_36_05.wav,1F_yWnL3XJTuI8gHH0IZ1SOFKJaacp6aa
2022_07_20-06_39_05.wav,1by3RM-KRQY1EGb5C2FwMdpBF918sYUB_
2022_07_20-06_42_05.wav,100uErUERyeXoUgsqMSW6C4BfZgZ5uqgz
2022_07_20-06_45_06.wav,1AKoYlwr96PaSibn1tketgAU8mIx43Ult
2022_07_20-06_48_06.wav,1tf10KQkdlz1s-RklPYgIyX3XAV0dG6Ni
2022_07_20-06_51_06.wav,1XkdmuQaVBwodC6fLeNRM6sU-3XA3Eekf
2022_07_20-06_54_07.wav,17_7mOtdvsdkWNo7IcOT6uQEO0C1jMCnT
2022_07_20-06_57_07.wav,1uQCED7xmaZKHCfQ-fmftoChccQthGAIW
2022_07_20-07_00_07.wav,10Ng5T7zRhLl7mrb42xyxzUHPImCM0v5s
2022_07_20-07_03_07.wav,1YaoxfLckUtdjHfqMIVXUXRh6fqlNciyt
2022_07_20-07_06_08.wav,1p-RRaIic7s-U_ghqE918GcCfrdfLGXwP
2022_07_20-07_09_08.wav,1poQzyKuQwU_XkPy5bze9vqr18CYOuhg1
2022_07_20-07_12_08.wav,1WMdedQZMbcUM1J1DUC0iAzfe-7IkKkp7
2022_07_20-07_15_09.wav,1rz4dazfIo9ChbK3xsU0k92yV5y6JGdgj
2022_07_20-07_18_09.wav,1SsgdJdv2AAXIUYVrSuiBE6iO-T1Y7RQk
2022_07_20-07_21_09.wav,16sd7M-g_HEsi5d_3NWCMa2w6_7t0mB1T
2022_07_20-07_24_10.wav,1IPiE1FaPbjhvEiBFAkZgxqMEE9asxLyf
2022_07_20-07_27_10.wav,1fwyPhiFFo5P85krGhS0S80LZrEuotx4g
2022_07_20-07_30_10.wav,1UQ_-VQBF2oueNrptAizKcOhj4ozTMRSb
2022_07_20-07_33_11.wav,1vRM0c60xj5z0rDjaMNiBDUSbkbkX5Hff
2022_07_20-07_36_11.wav,17Np2K5i5M3S6AGRq6UjT1_R2oCQPD5Ey
2022_07_20-07_39_11.wav,1wVWbjdgZ_a13YfWI2Nh5bvOeEk6tPZKu
2022_07_20-07_42_12.wav,18Q2aYAAeJqfABIrBwZCy09cDfaYXirHT
2022_07_20-07_45_12.wav,15fj9u4OviquYkO_G334h9acMu_1CDUAE
2022_07_20-07_48_12.wav,1WId8F6PauDUd3IVZO9uzDKXGq-qnDtRu
2022_07_20-07_51_13.wav,1T98W3oOKyDJXnYT7FPogL4sEBn413-09
2022_07_20-07_54_13.wav,1EFrnDPTQqW46Nd4lvtLxGwMiEtap-vTr
2022_07_20-07_57_13.wav,1uc6g29MVSRNmux72VCquV-ZqpuDrOLYY
2022_07_20-08_00_14.wav,1UuUkH0D1HEYmT3CVrLjli_gmw12alKN2
2022_07_20-08_03_14.wav,1YnC7dqI09RiTQ1Ms-Zy8fPvfj_9_I0dA
2022_07_20-08_06_14.wav,1wmSOyMnARliL6uGiRMnnE-TAC3rVZsUt
2022_07_20-08_09_15.wav,16wrp1o2j5ptXeahbogO7R4xkbOYkXWT4
2022_07_20-08_12_15.wav,1ydIPKBFzaKoCUYtyuTOdGPZzCxwPzJyG
2022_07_20-08_15_15.wav,1mlcdlrVoLzwtgMHTYLEiv6iQrzKPSGIc
2022_07_20-08_18_16.wav,1OK9JCvNNGfqTbDhPkE_TCBgMbc3l74Bs
2022_07_20-08_21_16.wav,1Ar1P_WxyQhySeXadoiboo-o6rJYh2XrA
2022_07_20-08_24_16.wav,1ZlxjjTGfvmJPpA3YUGNotF3tgUtpiO-j
2022_07_20-08_27_17.wav,1v6A0i2Wfr3nxL4UauPUMNYbQZ5GpqFSs
2022_07_20-08_30_17.wav,1h293IO0tyq6lpU_k3mUE36dq18La2vJL
2022_07_20-08_33_17.wav,1n7NQ4rrsLVabhGricEdXorF3-FiI1OyO
2022_07_20-08_36_18.wav,1uc--KggBknoGsZ_aW9dRXaEQBDI1si3P
2022_07_20-08_39_18.wav,1xc_LCegZ51qzrZLscdLSXY7zZSasWUyS
2022_07_20-08_42_18.wav,1cvUTiJ4imI4S7LYPcs1M0q7CmXFOKwSL
2022_07_20-08_45_19.wav,114pmE8KiDObP-kkVi0_8ZHGNwKZcy9aG
2022_07_20-08_48_19.wav,1HxYSZxyB85L6Iv5faxuOwp0nCuLKcgxA
2022_07_20-08_51_19.wav,1PlQGpBItgpYntEKET9oTBrO2L75LKa1s
2022_07_20-08_54_20.wav,1R9Mg6fWRHQR4EtsVZsQKGMM1XGS2nzP_
2022_07_20-08_57_20.wav,14kLusxitfo9EnDcT9Jf7Q4TBNflB12PJ
2022_07_20-09_00_20.wav,1vk-yooRPEjlCNDLNGWZ2w69VFSVNfeZ0
2022_07_20-09_03_21.wav,1Sh5liFeWXueOjfwS5rufKRGfCft5Ek4e
2022_07_20-09_06_21.wav,1or1rrQvZPXghFU3tK24JSxx8XZkojtr_
2022_07_20-09_09_21.wav,1JRBYG95eUfo1BappnDdQjG5MUNER7ID6
2022_07_20-09_12_22.wav,1uiFb5BOeNZsQyO_KKm6NAuLbHL6QxODT
2022_07_20-18_39_30.wav,1k8A6P967RlJAi0si6jL_Jyf0pJtiJuDg
2022_07_21-12_10_30.wav,1ePdSIXbKSPTwPi_DQ8MzT9LKxBK84Mh9
2022_07_21-12_13_31.wav,1frz2bJdOSdSh0nSth59C8woUid_KB0bo
2022_07_21-12_16_31.wav,1Z_PP6ffhmSOFhRcOO4OtcFIf1HaXonvj
2022_07_21-12_19_31.wav,1MjT185nd7r6qoEqWGh3M3ulItZoLcRrg
2022_07_21-12_22_32.wav,1nAymGQt5NePJGL2SJ7V6Qw6RmXe2pQ_T
2022_07_21-12_25_32.wav,1-BUfd_nmE1oIbps-MDoxbEC4xLX_SOr-
2022_07_21-12_28_32.wav,1ol6udm8JGs0nuPTv1-F4acAWbHO6EkIF
2022_07_21-12_31_33.wav,1BBHfPlMlPdTkPe9ZpZ69pik-P_gCbK4O
2022_07_21-12_34_33.wav,1ZXGM18qe5LbXQwUPhCyEfhO22nSMx8q1
2022_07_21-12_37_33.wav,1luV7qukQXajP_LJKvrDIzKXtX9x-rxLP
2022_07_21-12_44_41.wav,1kaxNn4hczQI1wlbXqIHLhZvEUwYxxjFg
2022_07_21-17_14_24.wav,1AJYGJGW-nAIl3mQDZfXxLux8K6YdJjV2
2022_07_21-18_40_00.wav,1PKzUDRzqQuGEC07_XU2dlL8hpTew9Cra
2022_07_21-19_07_01.wav,1MHrQmdG_eAlqQPY8iCXbieZBZknfMfZD
2022_07_21-19_10_03.wav,156myqeh9pUGg3rv9KIuT26dAdMghQYLa
2022_07_21-19_10_13.wav,1zc2IHdJg9NMZpzikaohfAgIhAtQrcFpO
2022_07_21-19_10_23.wav,1lcSrglbUSJivtKCH6ZqXUdoUnG6Y4d-2
2022_07_21-19_10_33.wav,19s58SOjLegRR2gnUfIdjFcNEhDQm0syF
2022_07_21-19_10_43.wav,13ILeftV6uUgzyVtl2gcEzzo-mnSEgNS0
2022_07_21-19_10_53.wav,1hWuklAN7LC-kTcKqroHNGGNHKSD0EKCz
2022_07_21-19_15_20.wav,1qGXxTFC2MMYZKDNjr4dedQp2aj46TGJG
2022_07_22-11_28_39.wav,1pSrTC4c_JCVaGozfm0PRHBMEuIIscbXq
2022_07_22-11_43_03.wav,1IM7upagZ2zKCSuJ57RAJ2JohL_LxHUgd
2022_07_22-11_46_03.wav,1HvBerY_P8st_lw-C55kHN9zG2S_t6xsl
2022_07_22-11_49_04.wav,18kvBK5BG85SJyWu8TgBHBLxnTtmUSAaz
2022_07_22-11_52_04.wav,1oZ3fW02ZQAKpPYroek-uCCOtxdQWUgRG
2022_07_22-12_30_41.wav,1YozxIsgNeDzHbRNtTTCFzIM08QOjGC21
2022_07_22-12_33_42.wav,1YNPa9I1IMeFAVyGR_78FEpMOk3kWq52F
2022_07_22-12_36_42.wav,1zEqKg3g-R0VnfzaTxeKobOgtmxg8d6Ky
2022_07_22-12_39_43.wav,1ZsI_PtEjDtMNRvWR6Rnw1Yir2B3lG7h6
2022_07_22-12_55_02.wav,1eM8IrMhav_ChzWEVyXBvpHB_uZvIQoin
2022_07_22-12_58_03.wav,1ESkhaxOoBHIfGrOuj7njj_O9rnJspvER
2022_07_22-13_01_04.wav,1dyl4Q4H7KGPOLjNSMpRuO-buEoVhTv17
2022_07_22-13_04_06.wav,16lRXpLxFsVoJqjwS1i8GGgpDZBsnDlFJ
2022_07_22-13_10_04.wav,1xDehZsvrvT0YAcvsvs5uVA9jYav3H7hA
2022_07_22-13_13_05.wav,1dogrRDbtJ96WjTgb3L2SU1IP-eC5tDSy
2022_07_22-13_16_06.wav,16-RT0R2zJDtrkxPlgf73MXPfZ4iT2Rr2
2022_07_22-13_19_07.wav,1GaMz89GEenYk2-9AjyoEqLxyO74ilmVu
2022_07_22-14_23_08.wav,13HrKJoBi4cCIECHlmOYRqZQGj0nnxGiw
2022_07_22-14_26_11.wav,1DeUS_P2rNF9I948CdtiyU0hyXpI--VGL
2022_07_22-14_29_13.wav,1pBJmfvthhf0V_2CcBA4wUN0NV6EZXjeO
2022_07_22-14_32_15.wav,1JdDando_ka4_FdJQLHa1eirFrQcS82rs
2022_07_22-14_35_17.wav,1VNnBp2V7ybh1u4Vyl0lIZX3nwlfN_pHh
2022_07_22-14_38_19.wav,1-KlXuLvi0GbIi4M5jhg6ubtWbUDp_xf_
2022_07_22-14_41_21.wav,1Gm9GcS27LDu0ghLYMssKqyc_nqV4F7L3
2022_07_22-14_44_23.wav,1yWvPVYGXaNP_qRyhixjNOYDwKqzNW40W
2022_07_22-14_47_25.wav,15z2HhQyuqDAhJ4Xhcx2w4eMV1LyPY9d1
2022_07_22-14_50_27.wav,1cVtpxLz9Mis4SnSZwhzjSCMdyDBVXcV3
2022_07_22-14_53_29.wav,1h9nuhY_DhOI1hI5MsFy257yGfVUFmFq9
2022_07_22-14_56_31.wav,1EckKWGhCpO5GCioSw13ru3PzOkug7Mh0
2022_07_22-14_59_33.wav,1FBXyMOQ_TYFMTKwUmYGcWSjBQXqMnckT
2022_07_22-15_02_35.wav,13WuyzZN5E-0EaGqIeN38RsKSPmJilbv8
2022_07_22-15_05_36.wav,1AKm3T7FKt-YUhmK3JXwmXDcSn_CX_hsP
2022_07_22-15_08_38.wav,1Xsj9njhkRO8kBVAFPHSIatt-wNlm2869
2022_07_22-15_11_40.wav,1_UODvUuvKl8iF-w6l70q9xM_Opj8Atsd
2022_07_22-15_14_43.wav,1ojzABp4S9PKref9tLjRWi2jgsWRo5CVM
2022_07_22-15_17_44.wav,1UcI3Y4GIqMlaIGXp5VYlZLFwwqkz1Ta_
2022_07_22-15_20_46.wav,1cV3HAMyHOqhEf_aqQhfPU9LTRHr3o8p0
2022_07_22-15_23_48.wav,1ILOqeCCewgKzBmvZRWZEZoA3NVgdJZ0L
2022_07_22-15_26_50.wav,1juUULvvkpGSAHvsQjjI6EI3YDRCiWNEj
2022_07_22-15_29_52.wav,1PQeqmRD0v3BzqmFlNAZs3lkoxov7amdZ
2022_07_22-15_32_54.wav,1ts1GY-Zc-gZ8q3EnRpj3b1Me15MJe_Di
2022_07_22-15_35_56.wav,16KXfGkQ9iV7DgBc0XcmgWwdToRdx1mS3
2022_07_22-15_38_58.wav,1cUbKl2iIz1efoSCKnBhXGqUHQykGjW0O
2022_07_22-15_42_00.wav,1aaZTsHGUokzOxLe0OJ6La9mPPI-5VDyl
2022_07_22-15_45_02.wav,1PZQV6w74ae1szdPay74Cqh4BCB_DjYqS
2022_07_22-15_48_04.wav,1haWkcVCDLJ5MGt3UsJHjBCIcCPzDq6Np
2022_07_22-15_51_07.wav,1vZ4hEX6kK6ss0wH7pDp3lT1-xSfcVEGj
2022_07_22-15_54_09.wav,1E8NaaF8dPpNhT3wQrAHm7Ph-wX6pq2EU
2022_07_22-15_57_11.wav,1khC0LTHWZWJefna6dvOaRdhxVnZv1d5P
2022_07_22-16_00_13.wav,1IUhc2UnZbXlyfn9pIi1g8RYwnytErny6
2022_07_22-16_03_15.wav,18YmbVPRXYISXpnYIq6g88JtLB0gPctmz
2022_07_22-16_06_17.wav,1xUgh93ZjGl9B4XvQPpqbngI_E-SMtpZ4
2022_07_22-16_09_19.wav,13jhglRizBlB6zFC_C5Eg9oUGbQqHnwd3
2022_07_22-16_12_20.wav,1o70yJZRDZFWUn2aOe1QZsLJi9IrRWQ_m
2022_07_22-16_15_22.wav,14g321UvhcCVOGO7jGcrdJAcccqJpruU_
2022_07_22-16_18_24.wav,1eiLQD97m3SoOeuNwHct91IjHBOuPM7De
2022_07_22-16_21_26.wav,12X9CFAAA-vMnRpN4m47X548GF9LRC1R4
2022_07_22-16_24_28.wav,1hXQOg1qpc2e4oz3j_klQKsXUvzU5XS-R
2022_07_22-16_27_29.wav,1hXglTQmj3jtS0ezy3X4AH22XIAtnabKl
2022_07_22-16_30_31.wav,1nSv2b-TRU1XkaVtCYSP1Sx1TkjBnmk3C
2022_07_22-16_33_33.wav,1LYQVeu1_rgWmRzjzoMgM4E1lBJcaodmc
2022_07_22-16_36_34.wav,1oGx_vDFE_KPFFXdWHxroDKCdNcoV6Eaa
2022_07_22-16_39_36.wav,1Rixa_I4INqL5pKl6lEqeUzjV8U-NlkRq
2022_07_22-16_42_38.wav,1NTSDFSPO13NnAiv6Z3mHuyKL4ubqVqKV
2022_07_22-16_45_40.wav,1DJFszCjMvzryeTM1INHabW1axlUVINjo
2022_07_22-16_48_42.wav,1yS_K5hTYGaF4k-1TlDgM4_ZHEhlXRtTl
2022_07_22-16_51_44.wav,1HvkAi3B5BRgADJe3DFsYba3hpgiH1lzk
2022_07_22-16_54_46.wav,1v9purZOsXzpOmKED3WpENdNv_dsTXnyS
2022_07_22-16_57_48.wav,1jbhQ7-Tgh732epkOLBlhRiPGn8h7kUzw
2022_07_22-17_00_50.wav,1YmKVHhY9LcDx9qkn4a4jbe112U3SQC1k
2022_07_22-17_03_52.wav,1smnW8_PWG1ZJe2nowOd-OfatX_Yjjkf5
2022_07_22-17_06_53.wav,1Z3YXMT4vY2ypE7vZ6xquOX9nJBvLBZhv
2022_07_22-17_09_55.wav,13Vv2o38Fr4roKSHuNR5fEIVjSh41D-xx
2022_07_22-17_12_57.wav,14RC0P_Z7K_6AKtv7oBpyFNEj2JlD77cC
2022_07_22-17_15_59.wav,1iI-wz26hQslOxaLaIbCXBRoaQo_0Tjyu
2022_07_22-17_19_01.wav,18CxYetZF3flqK8agYGuIVHBel3GfFL0r
2022_07_22-17_22_03.wav,1zm5F2nFa5_URJRotDFNm-5JrrkzJaKd3
2022_07_22-17_25_04.wav,1wKjZjIx_HkgdIje6zsXYf6io0XltYeQy
2022_07_22-17_28_06.wav,1Z60ojQgbTY33Iflx6L8PelznufZJTXkw
2022_07_22-17_31_08.wav,1Z44bwLVZkw5kBiCqX3zs979HORo_BuSj
2022_07_22-17_34_09.wav,1q6CdT4VJZxaU59Xazg20ssLBqvuxRKvm
2022_07_22-17_37_11.wav,1xiRXPxXuLzpXq2l4MRXVBaAW82fZ17J7
2022_07_22-17_40_13.wav,1TmQNLtAgREqyiBc2YIv56XWG5fpgJ-92
2022_07_22-17_43_15.wav,18FF7zzLW86GEd2YhVtKXE7H4WxOoQ9sJ
2022_07_22-17_46_17.wav,1bA7BW85JZMGppL6hmFBFdaCb-Xv_QJlK
2022_07_22-17_49_18.wav,1jrt_KMC7e2Rk3wVpRwNozW94eiAWMuaL
2022_07_22-17_52_20.wav,18sUits5vuBK6xwGnVrCcbGuZ-Wez5DyA
2022_07_22-17_55_22.wav,176h_AJMVeoiD19UESVQnBA7p5pyZMs8V
2022_07_22-17_58_24.wav,1hhbmq6zdmypuoJrrkZOR2VeyHWgxtiMm
2022_07_22-18_01_25.wav,1YB2Ziak0GdFngT2vO4f42hxOSWUuQhEx
2022_07_22-18_04_27.wav,1UWGqMPsBXPeqLnQin_KOguTpwPLbttRd
2022_07_22-18_07_29.wav,16SP7d9-qMQSbstqFERCeZgB6IcKCWgdy
2022_07_22-18_10_31.wav,1HS2a7Crruu2Pp1wAXvxTwXdo8jyvZEPU
2022_07_22-18_13_33.wav,1o-QV-kmPwZPZvvDICCPtSCvxC-oS4a7d
2022_07_22-18_16_34.wav,1eI7ZGKSCDZ3S3kSRg2Sn1r17CQ1YCIsc
2022_07_22-18_19_36.wav,151J1IFD_2gLV_SGvvTsnIe_aqzAS1ShV
2022_07_22-18_22_38.wav,1smjpg2OaUZBlRleArKUXSjDWEN4DCWy1
2022_07_22-18_25_39.wav,1eb7LiXeq4Ar4TfP3q9jiaUJKO_CM_Bxg
2022_07_22-18_28_41.wav,1lnYOlQOPWTl-sDDrCs2zHIhBXi10GDPm
2022_07_22-18_31_43.wav,1jJ8gal7ufh2Jxeh9kipeQYAUtK07o4iJ
2022_07_22-18_34_45.wav,1T5UELxQmOY6OqExELZgH9nOKU2AMFYPm
2022_07_22-18_37_47.wav,1F25hlxss0Cj3ft8L7IYlyGVGLbWotNHO
2022_07_22-18_40_48.wav,1kbjhWbdxQjUX_-hgosyQsOnOJ4-cbBOW
2022_07_22-18_43_50.wav,1MZAfZ-uDN4bB29fknry5r_upz3Muot23
2022_07_22-18_46_52.wav,17Z0m7Hcgglwb3iEqtvKDR8BvLYPCyulc
2022_07_22-18_49_53.wav,17INu9TWzJUVdz1D_kY0AfW2HhrhAzuwT
2022_07_22-18_52_55.wav,1AgQQ086Ye74s2lOTaBnlm6BdjK__eNUy
2022_07_22-18_55_56.wav,19MxHs44Dm-lV7X-Gp54LgVEpEpOtJVrn
2022_07_22-18_58_58.wav,1of5S1eh3eD9_Peh4zV2Hr4BZU7Isq6uv
2022_07_22-19_02_00.wav,1ClD7bX8ymHXycD31UPSXdU4CumUr9oaT
2022_07_22-19_05_02.wav,1GPOdUySheo0U8IK2r-ouryeNCMmoE5jV
2022_07_22-19_08_03.wav,1_KJEJcZLSZJv9v1zpOvAUnp7Zhnfp7j9
2022_07_22-19_11_05.wav,1dnG1azdur3WufAX08RFfkaXANRVO8oSO
2022_07_22-19_14_07.wav,1lS_MZH3kEUiz58LR32NKopijIZ_EkNZ2
2022_07_22-19_17_08.wav,18XYasLad4a2AJrvyKBL0lqgFxbrHKhK3
2022_07_22-19_20_10.wav,1rOexS1dJyvL__9ttOYu4S4f06QH1Elhl
2022_07_22-19_23_12.wav,1mkeGwDl27fePRVl8oUKW5hedOpyS_mDv
2022_07_22-19_26_13.wav,1sCeht8dUWTiLnIlQ2Q4y8cbbfRBB1_OX
2022_07_22-19_29_15.wav,1JJnwyk1y2ZwA3UHPUBYon0pWX1sVAnuX
2022_07_22-19_32_16.wav,19t14g42qpUmF0dRcabEyL6zwx9XkKUxn
2022_07_22-19_35_18.wav,1MxHKmMkafGFxfqzVwbG-xCErEZGIGVSx
2022_07_22-19_38_19.wav,1X1x1846O1_P1t2_Cp3BWvBv-SN1HTkN9
2022_07_22-19_41_21.wav,1EKpGzs885Xv04e2BB7isZEVQV2RjB5Vv
2022_07_22-19_44_22.wav,12iiC-CMyGicwwxvybwou78oJl8qmDTuZ
2022_07_22-19_47_24.wav,1yNZl5AcSPOkVfecmFG47HptDpSYSQgpd
2022_07_22-19_50_25.wav,1_Mb-en03CBUB-WpIhTckYDCBEpCdlt9y
2022_07_22-19_53_27.wav,1dG7JZq-GZyd97jiGQvS-4EN73pP1IkgL
2022_07_22-19_56_28.wav,1mohln3v1y-ApGkhbXtzMk_-MKF2pOXHz
2022_07_22-19_59_30.wav,1xfssCJ7UBmlZDb2MOUk9Wzm-KTLKrSrZ
2022_07_22-20_02_31.wav,1zR_o3Jja-325Kj4q7W4j0qBVTxM8PhpC
2022_07_22-20_05_33.wav,16nJw_X-y9X7vYEYbFSGnl-3D2WazewGf
2022_07_22-20_08_35.wav,1YMtUbTbImqV1oBR3iGdHrDdbPyrBYpTl
2022_07_22-20_11_36.wav,1Puxs2LS-I4pCKzIUE-M7lv9NqLoAcuRF
2022_07_22-20_14_38.wav,13uW5IVmacrUKuY1Wx754jdq8oW7zJTLS
2022_07_22-20_17_39.wav,1EU2bnnqty4pq4SuSrFFk6NHD62JmFY2v
2022_07_22-20_20_41.wav,1BMe_rNvafRIWESkzsXTw_wFqOsy-93Im
2022_07_22-20_23_43.wav,1m4BhKG2ZvTbKmfNTNqxORqu3sRvXoJOi
2022_07_22-20_26_44.wav,1MiKbOBxBkrs3Wxe_BftCzGX86xtlzOyA
2022_07_22-20_29_46.wav,1IVROTVgye-saJGaXMtoeSgLAHt5_dhwf
2022_07_22-20_32_48.wav,1mgvDerSNZzg-EAOFItDstYSGfIgvOtJW
2022_07_22-20_35_49.wav,17ADriCjDVQ8pQI9uvlaUlTV1a3ewAN-g
2022_07_22-20_38_51.wav,1o4cnMAGXCvZObVK6LRlN5dtVvTBzpmN1
2022_07_22-20_41_52.wav,1E-S1SIUDlAvWvLVTKGoC23CBci-57ZbQ
2022_07_22-20_44_54.wav,1jTorofzKCKm7UlYG-1Wr0lMepURArcGW
2022_07_22-20_47_56.wav,1MK3ZuIQMdfi9Q6DHBEMlWyZ3E-dCkYyt
2022_07_22-20_50_57.wav,1tSgbRca2whSeCmx1G9_szlmCcH1msh_5
2022_07_22-20_53_59.wav,1T6o9NYErtGmyS7wJiJI3I87uNWnLVezo
2022_07_22-20_57_00.wav,17Hqp4uJS8_0qlz04sCEtsaeUB09PZK7b
2022_07_22-21_00_02.wav,126e9OP33SyH_rGpoDCwTw8StIWuGq6kB
2022_07_22-21_03_03.wav,1Y60SwyMzJOgEJUG2F1ym_wHCstDQLM9u
2022_07_22-21_06_05.wav,14N3MsG6Auj4dzKWK0vcdxJggHQABXX5H
2022_07_22-21_09_07.wav,1-J3uW_fEauymdJ_L8MFjlAFAChMwTp7A
2022_07_22-21_12_08.wav,1-4LGFu_qhsxTUGKuhp2H4u0wr2RQMqsP
2022_07_22-21_15_10.wav,1D203BkaaDdvXdOPhUJyp_9n3ehZI_MCt
2022_07_22-21_18_12.wav,1zoe5QtxWDrQLr0jE_p8r5YhKMA4MzPr-
2022_07_22-21_21_13.wav,1E3OhwfksFG_9SfLRil1psjikeV-GoD3n
2022_07_22-21_24_15.wav,1klbHCS-gR76hwrykjkdjX_qq99zdA6EH
2022_07_22-21_27_16.wav,1BAvhqDM0xLj_J07cc4I5Duy9Tqp2KlE2
2022_07_22-21_30_18.wav,1VeyMRR2t8pn-lbAZj_0wIkLEpSunSJf4
2022_07_22-21_33_20.wav,1u5fSYZZeqtLHXfBG9QhpbxQVPCGCwusU
2022_07_22-21_36_21.wav,1a0A9yE6jdyuL7_zb-FI-KVePHKtK_9Lm
2022_07_22-21_39_23.wav,1wHs8HkBVrKWzaghro6drSuc6FB1yDLjr
2022_07_22-21_42_25.wav,1XtnlZ7PBtsu7U8GWYQXitCQGGwgrvdoG
2022_07_22-21_45_26.wav,1LAoeIeU_BkC7y8CmApGXEx_kNOircybv
2022_07_22-21_48_28.wav,1M6-M9Q8zH-4A2Bhg1Zu2jxl6ijNmN6Pg
2022_07_22-21_51_30.wav,1rnNAbQGecWGZy8jsVd0kgAdMEZJAy6pb
2022_07_22-21_54_31.wav,12eQr1KAIDP4nY6iae1j1FToMsBlMdybC
2022_07_22-21_57_33.wav,1ypAg9DgoQplAJHKUNWtMyCULZBO7xZJq
2022_07_22-22_00_34.wav,1DTuZ9G5wedGqZB9Z-tkibqiaBWH93Ks9
2022_07_22-22_03_36.wav,1cDwxTWGu5-qXiDGi61iUHuzsWZ97vrRV
2022_07_22-22_06_37.wav,1VwNDjq7wUnLXie-txyJ_MGE9frzPHRGN
2022_07_22-22_09_39.wav,1x6lL5KKoCpPe2NLTOyoqoIkAAc5ju6uz
2022_07_22-22_12_41.wav,1KKoF4GjIwewDD2hZynRU9AVR5I4aSBh8
2022_07_22-22_15_42.wav,1Cuy8FTZkaF4GvZges0PLF4xy--nyEPDI
2022_07_22-22_18_44.wav,1gL9zBqKaYNiX1HbfMhK4--smAMEhvIdB
2022_07_22-22_21_45.wav,1SrzuHBAiOW0leQA8x5HpUh-EL7Mq-A5g
2022_07_22-22_24_47.wav,1adKE0Qp5anVAXixs5B6k1j_QZ_lM7_Ff
2022_07_22-22_27_48.wav,1qRh0QxxOhOZxONoTCTcEpxx-A5oCeyoC
2022_07_22-22_30_49.wav,14aTDRDIPJb0H3DrT3n6RkrXnAb3vhLWP
2022_07_22-22_33_51.wav,19BPN5ToAggf-KmTIQK76sYOrWTyHY1iV
2022_07_22-22_36_52.wav,1Y7cwe8viQLdfTSKrqUeGQHJvcZNdpOhI
2022_07_22-22_39_54.wav,1wMm6saJs4WSSke8LTqqJfzlg99aM37d0
2022_07_22-22_42_56.wav,1IWs1kWfB1jAKkT2Cqw5LDFkQMK4I-_P-
2022_07_22-22_45_57.wav,1fvecLd8GsMtraGYWVdctwZLx_7s8cri2
2022_07_22-22_48_59.wav,1gAKwHdpzeYX-gkVoxEer5M1ytYp-VEoT
2022_07_22-22_52_00.wav,17XSKghy6zXd9d-87YxZBvBJFoAenTrQV
2022_07_22-22_55_02.wav,1HJx4SyYJWlxUMVnI5h7CwdbmtaKAHDVq
2022_07_22-22_58_03.wav,1yxlyEn-Aga1c26WfnjmpLi3xXSYrMymF
2022_07_22-23_01_05.wav,1-ggPI4x0MBqFmMYhGF6FzLsVCLAe6EXk
2022_07_22-23_04_06.wav,122X3Ee16KZ7ybbiY2xXY991j_it7mtB4
2022_07_22-23_07_08.wav,1LC0IFagoiEO3RVn4M_GBlqb8VMYY6ke9
2022_07_22-23_10_09.wav,1B9TP3ISJsLW26BbSeYJCddjsQ4-DwbUT
2022_07_22-23_13_11.wav,1HLerHhEjf1vx-5h3ulgb44wmP7oa4amO
2022_07_22-23_16_12.wav,18KB2owK2Uq6Q4CURDPWVsEXdkIN3jg_0
2022_07_22-23_19_14.wav,12NeAD_m6MGBnD2MCaQM3PYIcQJ5xEpAd
2022_07_22-23_22_15.wav,1qsL-SvrxzjYFzLErCFgL5Ba4vEWCSDUS
2022_07_22-23_25_17.wav,1_D4-oBB29tvDp7iOJsKApYQF1UITCVNE
2022_07_22-23_28_18.wav,1kcAu0oMiMCxziZ6ptP3pBi4DfhJCl0BS
2022_07_22-23_31_20.wav,12eGZOoRSlNr3-WypUgUca30bsmQ7GWgS
2022_07_22-23_34_21.wav,1RcriZZzXNDambYkRzWk0nH5Lo_fAtQ2x
2022_07_22-23_37_23.wav,13rPgaEBOehqz8mcxsZK9fTKVk1yQyzbm
2022_07_22-23_40_24.wav,1HkU0vi_gLwrwjtMWNiOX1YLnNMb98-2a
2022_07_22-23_43_26.wav,1OP_Ufuna7WSRPGGoBF5izz96qZucwzFF
2022_07_22-23_46_27.wav,1GnqdCzUn-FW6NStI1ukRelvvucAZzgxJ
2022_07_22-23_49_29.wav,1qt64UYrH5I0xo6JJo2DcD5hh9q59HjAH
2022_07_22-23_52_30.wav,1rdhf9chBDva_rGurdCJZY14inOJDHVS2
2022_07_22-23_55_32.wav,1W7BC_wgoPboR5dTUmxTZ0OM3RYzluWYE
2022_07_22-23_58_33.wav,14NnmJw_l_sP6z2Uqhm9fAZxInpvdxV7F
2022_07_23-00_01_35.wav,1PH10PcYrPXQigXzvBsa0dePnFZzU-9rj
2022_07_23-00_04_36.wav,1pA2ZQio2h2MAbD7UIts2vT_70OOvq_Sp
2022_07_23-00_07_38.wav,1C1eTA8L-iUIMoDrf5qQqiih9kEVjfoG3
2022_07_23-00_10_39.wav,1lavO8SbQGKPhgcaLXTXRjQ1CnWKIYebQ
2022_07_23-00_13_41.wav,1SQqW4LLrXG7LWlNSqx-enoch5p95sykQ
2022_07_23-00_16_42.wav,1JG2MRVbxj3ZGYI5oJrOJVAudPRh4HgoT
2022_07_23-00_19_43.wav,1Y3GDpSWtuMvwfFbmrqfg0JcoD4fLol08
2022_07_23-00_22_45.wav,1nghNWxrubI6sbZWCwO-9flq1ftFiyZR9
2022_07_23-00_25_47.wav,14r3IS-0VTq2rEe-ZzVmPujRNwdgbSgzP
2022_07_23-00_28_48.wav,1eJ1ylTingcc2ugNuVLCKq365EBPjLK-d
2022_07_23-00_31_50.wav,1vz2I1cTGXYBPaav-rPiLqPHc52DRHalX
2022_07_23-00_34_51.wav,1Oj7dZWxXmc7Rej5UaMw6EGu2FSGYJu2n
2022_07_23-00_37_52.wav,1Sjp77i3tvO05ijOxCL3sWRrcMKPjX1eS
2022_07_23-00_40_54.wav,1BfvxXMVDrnFR9MKpP1Byx0qUSUJWuQOA
2022_07_23-00_43_55.wav,1uLW8SszPvRL1TYYCarnID6EMJJ4XDGsZ
2022_07_23-00_46_57.wav,1SizT9eOjBv3Rf1yxDnt6eXYPT0prO6d9
2022_07_23-00_49_58.wav,1fQIB7sdJa6ZDokz237-9OdudwEcSei78
2022_07_23-00_53_00.wav,15PvvDoFR1m2_0BTAFyjD4YTg2Q0PLx2G
2022_07_23-00_56_01.wav,1jpOzKA818-18ZqG4dadaQJaJ1Ibr-5Mx
2022_07_23-00_59_03.wav,1AICIi49h4WJT58XrMGM9nUyaIwYH7N4E
2022_07_23-01_02_04.wav,17vTnDGJ-nGXtkALFm2Zg3iTouFop61TE
2022_07_23-01_05_06.wav,1Q0cRbWFiTqLU8Lkvwtz81r9PlTyR1_As
2022_07_23-01_08_07.wav,1SQybcG2HZKc-p02wFZKrVkFo8Y1uJ9A0
2022_07_23-01_11_09.wav,1R2gr9vHmCzJMn1sUYFgtGcFmGr_FDpep
2022_07_23-01_14_10.wav,18H4YozN54-2wNzTmQvwesKdp5O1Eg8zI
2022_07_23-01_17_12.wav,1grfF-jBSoBr6hIT_erpML2RtU4VeF4B_
2022_07_23-01_20_13.wav,1tTNjz2xqYT5SKES0tTIGXZ4NVqEm1Ebf
2022_07_23-01_23_15.wav,1gE7YaeUXhRWdCl-x5o8fh2wyJCSDW2Ip
2022_07_23-01_26_16.wav,17_DDuvriYhXT-aoZTlUqPBxIRH93rP_m
2022_07_23-01_29_18.wav,1D71W4PYHXco2Pmx0eQ7nVf8ok8Gg63kI
2022_07_23-01_32_19.wav,1Pc2w1e-4D9x73sbaJmOSao_1sG53ArIb
2022_07_23-01_35_21.wav,1YK_z-nMi6-cw2vQSlHYz79riF7sv140P
2022_07_23-01_38_22.wav,10Nm1Dc4HeayyMcml4cOLNRFFZ5ukMCuK
2022_07_23-01_41_23.wav,1zYVwXxAz4jrjmoanyjHTX1T5Ft-aexea
2022_07_23-01_44_25.wav,1VHlpot-qPBr_d1g4nYuU-BKH7ts4I3nQ
2022_07_23-01_47_26.wav,1HIV4rFjBi_55T5JFm8k4KGlOIxp9cn46
2022_07_23-01_50_28.wav,1LmUrzLY-D5lpkeifDA0AgyfQOsFNKhFC
2022_07_23-01_53_29.wav,12rypj228cQCG5sTcOh2kbqC2t5-diJ_R
2022_07_23-01_56_30.wav,16Qdo14WPLa4_IrXw6i6ETBsJKCZt5ZA-
2022_07_23-01_59_32.wav,13bd0lnx9OcNR4vQNmt1RDWYcn74nItJ1
2022_07_23-02_02_33.wav,1ZxZDBhoKkY3RemjpDDBCDY7m3vZ3bMZ6
2022_07_23-02_05_35.wav,1F-SkhlWhEUNLHhvHEowewu7ytNnoRsyX
2022_07_23-02_08_36.wav,1ZsKDW1p-kFu75r70gXEF-8GTAkmXPrti
2022_07_23-02_11_38.wav,1HO4kXUBEKTckjEHxRGq6Z1YMYZb5NFos
2022_07_23-02_14_39.wav,1poqmIRtgWdlwz2iuGLnJ4eduxtRuvf3_
2022_07_23-02_17_40.wav,1OjsRs2PJjLTw6B961EXVA9HRUiXwyfXM
2022_07_23-02_20_41.wav,1ZL7cWqMI4uDGNncXRaZ5qgYDGmn5zipk
2022_07_23-02_23_43.wav,1z7k6o0w84HKtWywFiNHbPHbF3VIDQp6l
2022_07_23-02_26_44.wav,14jgXugT6-BBRw3h521-5nrOvQcCsZVYb
2022_07_23-02_29_46.wav,132o-IiaNWJoAdyeXWF433v1TgeF0vdMI
2022_07_23-02_32_47.wav,1G0EdiQRnIt_YQat7OJapF0tMvPzjJnng
2022_07_23-02_35_48.wav,1tiZxwlhwQeEehkaGbNfDqOGZ36aUu5fx
2022_07_23-02_38_50.wav,1Euqf2nwlpEvchr0NYdVOnbDg4nKo4MGl
2022_07_23-02_41_51.wav,1zKll-qh3tsWd999FT6otnJ1Zz6Op6awN
2022_07_23-02_44_52.wav,1JzWqnHOeB68v6bwg1I4UNT0KjeewFv_Q
2022_07_23-02_47_53.wav,1zPo2r4TCtgunWypnkNiPq4ERlaDU53yl
2022_07_23-02_50_55.wav,1rJyIJpZZl8RmPUY7RIUx5tGMNTI6GyAE
2022_07_23-02_53_56.wav,1K1usH7Zgt6zyXlgWe9WDSDmwm0FYEx7U
2022_07_23-02_56_57.wav,1-baoNA3JB-ICl_S94zJ-hVgNPOpjk6mq
2022_07_23-02_59_59.wav,1JIhyU4xiUmrpQKuQfx6jNPjHStqUj_oQ
2022_07_23-03_03_00.wav,1A49dWUZ2mJnxEF6XbobuDbZ6Z_fM2UKe
2022_07_23-03_06_01.wav,1RrpG_av-wb1McROL78Xy_UKpLqfDXyV-
2022_07_23-03_09_02.wav,1fNqB_nuIOYduwkN5C6gNI15KqVbY0552
2022_07_23-03_12_04.wav,1X0g_ScYhs7331IE2EUhE-gUCe9ZuOqd6
2022_07_23-03_15_05.wav,1YySWfR3lE5XgDb0JRJvwH2Jg7uzOjV-_
2022_07_23-03_18_07.wav,154pwaDyYBLdkVmRONP7S40FsoEekyRX8
2022_07_23-03_21_08.wav,1W2amFOKdF6_8QEx7GNZDBP7NMUjquIa3
2022_07_23-03_24_10.wav,1LNg2g_JJQl8U50feLJaDbwauBmiIOZlU
2022_07_23-03_27_11.wav,15AxnjI3qAxjj9cfES1Whxf34Hj4_rfbj
2022_07_23-03_30_12.wav,1kUdu-YXhUo5-tKRvsSOyCc3__ZkPW7DP
2022_07_23-03_33_14.wav,13ePRcVt-0-fvsCP9h0ELxEhVuzrS6xuE
2022_07_23-03_36_15.wav,1nNUt0vQjHxR3j7O28oVdwQMzu6CnM3oq
2022_07_23-03_39_17.wav,1KQU51BoAPtg1bSzkXgvH_6RJB1nTkzNG
2022_07_23-03_42_18.wav,1goDZ_X8apGXtHXMARkNVJkqSyTDxd9bT
2022_07_23-03_45_20.wav,1ylTcFG4gJ8VG8vxNKINZgivRLh91YDpu
2022_07_23-03_48_21.wav,1GArxbAtsvZB9tY1kxCf7FXXSiOmT16FE
2022_07_23-03_51_22.wav,1sMoQl9lGOg78_JwnsDNK3poEilr_h24B
2022_07_23-03_54_24.wav,18FtkNThbD8fRZ80QJM604lz7MZ6xJc30
2022_07_23-03_57_25.wav,1gdahqFuS3CRX68U5r1n2zyurdxvdYlm2
2022_07_23-04_00_27.wav,1LPdH-fNe8NuNB118n8D5iwcI4kBgibOa
2022_07_23-04_03_28.wav,1gcuYKzPnzY2CC5f9Jnj3tJHqNKrCN3qw
2022_07_23-04_06_29.wav,1u3nVqfVmPh7tLpael6xQJfClDbzsmhrU
2022_07_23-04_09_31.wav,11l1YN3wkVcno2A8zeo3gdrjDFLhbMpbv
2022_07_23-04_12_32.wav,1wyaIPaIxxtIJvpAX2_A1nH_4460KryFR
2022_07_23-04_15_33.wav,1bcUGVmPmcXhBApKDqlQRn7LLWrzlmmbc
2022_07_23-04_18_35.wav,1xjeec0KNv3XC0UQAtKaUbBgv5bGYvnKX
                                                           